name,instructions,url,source
Margarita,"<strong>Prep the glass:</strong> If you would like to garnish the rim of the glass, run a lime wedge around the rim, then dip the rim in salt or Tajin. <br /><br /><strong>Combine the ingredients:</strong> Combine the tequila, lime juice, triple sec, and agave nectar in a cocktail shaker. <br /><br /><strong>Shake!:</strong>Add ice and shake vigorously until condensation forms on outside of shaker. <br /><br /><strong>Strain and serve:</strong> Add fresh ice to glass and strain drink into prepped glass and garnish with a lime slice.",https://images.unsplash.com/photo-1573957065303-110b23048d68?ixlib=rb-1.2.1&ixid=eyJhcHBfaWQiOjEyMDd9&auto=format&fit=crop&w=800&q=60,https://unsplash.com/s/photos/margarita?utm_source=unsplash&utm_medium=referral&utm_content=creditCopyText
Old Fashioned,"<strong>Prep the glass:</strong> Fill the glass with ice and set aside to chill. <br /><br /><strong>Combine ingredients:</strong> After a few minutes, toss out the ice in the glass and pour in the whiskey, simple syrup, and bitters. Add a large cube of ice or a few ice cubes and stir to dilute the mixture slightly. <br /><br /><strong>Garnish and serve:</strong> Twist the orange peel to release the oils and flavors. Add the orange peel and a marschino cherry for garnish and serve.",https://images.pexels.com/photos/376473/pexels-photo-376473.jpeg?auto=compress&cs=tinysrgb&dpr=2&h=750&w=1260,https://www.pexels.com/photo/cocktail-drink-glass-old-fashioned-376473/?utm_content=attributionCopyText&utm_medium=referral&utm_source=pexels
Cosmopolitan,"<strong>Prep the glass:</strong> Fill the glass with ice and set aside to chill. <br /><br /><strong>Combine the ingredients:</strong> Combine the vodka, lime juice, triple sec, and cranberry juice in a cocktail shaker. <br /><br /><strong>Shake!:</strong>Add ice and shake vigorously until condensation forms on outside of shaker. <br /><br /><strong>Strain and serve:</strong> Toss out the ice in the prepped glass and strain the drink into it. Twist the orange peel to release the oils and flavors. Add the orange peel for garnish and serve.",https://live.staticflickr.com/4012/5076906532_b9b034dfbe_b.jpg,https://www.flickr.com/photos/preppybyday/5076906532
Negroni,"<strong>Prep the glass:</strong> Fill the glass with ice and set aside to chill. <br /><br /><strong>Combine ingredients:</strong> After a few minutes, toss out the ice in the glass and pour in the gin, Campari, and sweet vermouth. Add a large cube of ice or a few ice cubes and stir to dilute the mixture slightly. <br /><br /><strong>Garnish and serve:</strong> Twist the orange peel to release the oils and flavors. Add the orange peel and a marschino cherry for garnish and serve.",https://images.unsplash.com/photo-1582457601528-5f8757143fb1?ixlib=rb-1.2.1&ixid=eyJhcHBfaWQiOjEyMDd9&auto=format&fit=crop&w=802&q=80,https://unsplash.com/s/photos/negroni?utm_source=unsplash&utm_medium=referral&utm_content=creditCopyText
Moscow Mule,<strong>Combine the ingredients:</strong> Combine the vodka and lime juice in a cocktail shaker. <br /><br /><strong>Shake!:</strong>Add ice and shake vigorously until condensation forms on outside of shaker. <br /><br /><strong>Strain and serve:</strong> Add fresh ice to glass and strain drink into glass and top with ginger beer. Stir and serve. Garnish with lime wedge or some mint.,https://images.unsplash.com/photo-1527628126150-086ff233b951?ixlib=rb-1.2.1&ixid=eyJhcHBfaWQiOjEyMDd9&auto=format&fit=crop&w=1500&q=80,https://unsplash.com/s/photos/moscow-mule?utm_source=unsplash&utm_medium=referral&utm_content=creditCopyText
Martini,<strong>Prep the glass:</strong> Fill the glass with ice and set aside to chill. <br /><br /><strong>Combine the ingredients:</strong> Combine the gin and dry vermouth in a cocktail shaker. <br /><br /><strong>Shake!:</strong>Add ice and shake vigorously until condensation forms on outside of shaker. <br /><br /><strong>Strain and serve:</strong> Toss out the ice in the prepped glass and strain the drink into it and garnish with an olive.,https://images.unsplash.com/photo-1575023782549-62ca0d244b39?ixlib=rb-1.2.1&ixid=eyJhcHBfaWQiOjEyMDd9&auto=format&fit=crop&w=668&q=80,https://unsplash.com/s/photos/martini?utm_source=unsplash&utm_medium=referral&utm_content=creditCopyText
Mojito,"<strong>Combine the ingredients:</strong> Combine the mint, lime juice, and simple syrup in a cocktail shaker.  Then use a cocktail muddler to gently muddle the mint a bit to release the flavors. Then add the rum. <br /><br /><strong>Shake!:</strong>Add ice and shake vigorously until condensation forms on outside of shaker. <br /><br /><strong>Strain and serve:</strong> Add fresh ice to glass and strain drink into glass and top with club soda. Stir and serve. Garnish with lime wedge and some mint.",https://images.unsplash.com/photo-1513558161293-cdaf765ed2fd?ixlib=rb-1.2.1&auto=format&fit=crop&w=800&q=60,https://unsplash.com/s/photos/mojito?utm_source=unsplash&utm_medium=referral&utm_content=creditCopyText
Whiskey Sour,"<strong>Prep the glass:</strong> Fill the glass with ice and set aside to chill. <br /><br /><strong>Combine the ingredients:</strong> Combine the bourbon, lemon juice, simple syrup, and egg white in a cocktail shaker. <br /><br /><strong>Dry shake!:</strong> Seal the shaker and shake vigorously for 10 seconds without ice. <br /><br /><strong>Shake again!:</strong>Add ice and shake vigorously until condensation forms on outside of shaker. <br /><br /><strong>Strain and serve:</strong> Toss out the ice in the prepped glass and strain the drink into it and garnish with a maraschino cherry.",https://live.staticflickr.com/6195/6081573377_ee8ba8a704_b.jpg,https://www.flickr.com/photos/90447591@N00/6081573377
French 75,"<strong>Prep the glass:</strong> Fill the glass with ice and set aside to chill. <br /><br /><strong>Combine the ingredients:</strong> Combine the gin, lemon juice, and simple syrup in a cocktail shaker. <br /><br /><strong>Shake!:</strong>Add ice and shake vigorously until condensation forms on outside of shaker. <br /><br /><strong>Strain and serve:</strong> Toss out the ice in the prepped glass, strain the drink into it, and top with champagne. Stir and serve. Twist the lemon peel to release the oils and flavors. Add the lemon peel for garnish and serve.",https://www.thecocktaildb.com/images/media/drink/4qnyty1504368615.jpg,https://www.thecocktaildb.com/drink.php?c=17197-French-75
Manhattan,"<strong>Prep the glass:</strong> Fill the glass with ice and set aside to chill. <br /><br /><strong>Combine the ingredients:</strong> Combine the rye whiskey, sweet vermouth, and bitters in a cocktail shaker. <br /><br /><strong>Stirred not shaken!:</strong>Add a few cubes of ice and stir for 20 seconds. <br /><br /><strong>Strain and serve:</strong> Toss out the ice in the prepped glass and strain the drink into it and garnish with a maraschino cherry.",https://live.staticflickr.com/3046/2888449574_c24e2002dc_b.jpg,https://www.flickr.com/photos/32426344@N00/2888449574
Spritz Veneziano (Aperol Spritz),"<strong>Combine the ingredients:</strong> Combine the prosecco, aperol, and club soda in a glass. <br /><br /><strong>Stirred not shaken!:</strong>Add ice and stir for 20 seconds. <br /><br /><strong>Garnish and serve:</strong> Add an orange slice for garnish and serve.",https://images.unsplash.com/photo-1585975776023-29a0dbc51407?ixlib=rb-1.2.1&ixid=eyJhcHBfaWQiOjEyMDd9&auto=format&fit=crop&w=800&q=60,https://unsplash.com/s/photos/aperol-spritz?utm_source=unsplash&utm_medium=referral&utm_content=creditCopyText
Gimlet,"<strong>Prep the glass:</strong> Fill the glass with ice and set aside to chill. <br /><br /><strong>Combine the ingredients:</strong> Combine the gin, lime juice, and simple syrup in a cocktail shaker. <br /><br /><strong>Shake!:</strong>Add ice and shake vigorously until condensation forms on outside of shaker. <br /><br /><strong>Strain and serve:</strong> Toss out the ice in the prepped glass and strain the drink into it and garnish with a lime slice.",https://www.thespruceeats.com/thmb/3SWSO9yCesdoRJ8Wvd8TmcH0AhU=/1500x844/smart/filters:no_upscale()/gimlet-cocktail-recipe-759304-9-5b3fa116c9e77c0037dac66d.jpg,https://www.thespruceeats.com/gimlet-cocktail-recipe-759304
Sazerac,"<strong>Prep the glass:</strong> Fill the glass with ice and set aside to chill. <br /><br /><strong>Rinse with Absinthe</strong> Toss out the ice in the prepped glass and pour the absinthe inside of it. Swirl it around and then discard the liquid. <br /><br /><strong>Combine the ingredients:</strong> Add the sugar cube and bitters and muddle it until the mixture becomes syrup-like, then add the rye whiskey and stir. n<strong>Garnish and serve:</strong> Twist the lemon peel over the drink to release the oils and flavors and set on rim as a garnish.",https://images.unsplash.com/photo-1547383698-faaaf2368d3b?ixlib=rb-1.2.1&ixid=eyJhcHBfaWQiOjEyMDd9&auto=format&fit=crop&w=800&q=60,https://unsplash.com/s/photos/sazerac?utm_source=unsplash&utm_medium=referral&utm_content=creditCopyText
Pimm's Cup,"<strong>Prep the glass:</strong> Add a few cucumber, strawberry, orange and lemon slices so that it takes up about half the glass. Fill the last half off the cup with ice. <br /><br /><strong>Combine the ingredients:</strong> Combine the Pimm's cup liqueur and ginger ale in a shaker. <br /><br /><strong>Stirred not shaken!:</strong>Stir for 10 seconds to blend the ingredients. <br /><br /><strong>Garnish and serve:</strong> Pour the drink into the glass and garnish with mint.",https://imagesvc.meredithcorp.io/v3/mm/image?url=https%3A%2F%2Fcdn-image.foodandwine.com%2Fsites%2Fdefault%2Ffiles%2Fstyles%2F4_3_horizontal_-_1200x900%2Fpublic%2F2012-r-xl-pimms-cup.jpg%3Fitok%3DdlpgNjiK,https://www.foodandwine.com/recipes/pimms-cup
Mimosa,<strong>Combine the ingredients:</strong> Pour champagne and orange juice directly in the glass. <br /><br /><strong>Garnish and serve:</strong> Garnish with orange slice.,https://images.unsplash.com/photo-1562419988-e6157d80e9fc?ixlib=rb-1.2.1&ixid=eyJhcHBfaWQiOjEyMDd9&auto=format&fit=crop&w=800&q=60,https://unsplash.com/s/photos/mimosa-drink?utm_source=unsplash&utm_medium=referral&utm_content=creditCopyText
Hurricane,"<strong>Combine the ingredients:</strong> Combine the light rum, dark rum, passion fruit juice, grenadine, lime juice, and simple syrup in a cocktail shaker. <br /><br /><strong>Shake!:</strong>Add ice and shake vigorously until condensation forms on outside of shaker. <br /><br /><strong>Strain and serve:</strong> Add fresh ice to glass and strain drink into glass and garnish with an orange slice and maraschino cherry.",https://www.culinaryhill.com/wp-content/uploads/2018/04/Hurricane-Cocktail-Culinary-Hill-square-e1579143371452.jpg,https://www.culinaryhill.com/hurricane-cocktail/
White Russian,<strong>Combine the ingredients:</strong> Combine the vodka and Kahlua in a glass. <br /><br /><strong>Stirred not shaken!:</strong>Add ice and stir for 20 seconds. <br /><br /><strong>Top it off and serve:</strong> Top it off with the heavy cream and serve.,https://upload.wikimedia.org/wikipedia/commons/thumb/4/41/White_russian_%286776405633%29.jpg/640px-White_russian_%286776405633%29.jpg,https://commons.wikimedia.org/wiki/File:White_russian_(6776405633).jpg
Rosita,"<strong>Prep the glass:</strong> Fill the glass with ice and set aside to chill. <br /><br /><strong>Combine ingredients:</strong> After a few minutes, toss out the ice in the glass and pour in the tequila, Campari, dry vermouth, sweet vermouth, and bitters. Add a large cube of ice or a few ice cubes and stir to dilute the mixture slightly. <br /><br /><strong>Garnish and serve:</strong> Twist the orange peel to release the oils and flavors. Add the orange peel for garnish and serve.",https://images.squarespace-cdn.com/content/v1/5668afe4c21b86d8ce6fc49c/1550024354893-5WYH4LB5L61KXU0LVC3T/ke17ZwdGBToddI8pDm48kFWNavzyyk3HlleHYEOMsJNZw-zPPgdn4jUwVcJE1ZvWQUxwkmyExglNqGp0IvTJZamWLI2zvYWH8K3-s_4yszcp2ryTI0HqTOaaUohrI8PIyIGXSKAQ6uZ-BE4wWDK7OPVJvA7ejiweHq7qEeYl6EE/Rosita_Background%402x.png?format=1500w,https://www.google.com/url?sa=i&url=http%3A%2F%2Fwww.theliquorcabinet.com%2Frosita-cocktail-recipe&psig=AOvVaw0g_682LDscEHvpg-0X7lwg&ust=1595857836379000&source=images&cd=vfe&ved=0CAIQjRxqFwoTCMCe8O-H6-oCFQAAAAAdAAAAABAW
Gin Rickey,<strong>Combine the ingredients:</strong> Fill the glass with ice. Pour gin and lime juice directly in the glass. <br /><br /><strong>Top off and serve:</strong> Top off with soda and serve. Garnish with a lime slice.,https://i2.wp.com/dishesdelish.com/wp-content/uploads/2017/08/Gin-Lime-Rickey-v-12.jpg,https://dishesdelish.com/gin-lime-rickey/
Paloma,"<strong>Combine the ingredients:</strong> Combine the tequila, grapefruit juice, lime juice, and agave nectar in a cocktail shaker. <br /><br /><strong>Shake!:</strong>Add ice and shake vigorously until condensation forms on outside of shaker. <br /><br /><strong>Strain and serve:</strong> Add fresh ice to glass and strain drink into glass and top with grapefruit soda. Garnish with grapefruit slice.",https://drizzleanddip.com/wp-content/uploads/2012/03/MG_9171-copy.jpg,https://drizzleanddip.com/2012/03/14/the-perfect-paloma-cocktail/
Sidecar,"<strong>Prep the glass:</strong> Fill the glass with ice and set aside to chill. <strong>Combine the ingredients:</strong> Combine the brandy, Grand Marnier, and lemon juice in a cocktail shaker. <br /><br /><strong>Shake!:</strong>Add ice and shake vigorously until condensation forms on outside of shaker. <br /><br /><strong>Strain and serve:</strong> Toss out the ice in the prepped glass and strain the drink into it. Twist the orange peel over the drink to release the oils and flavors and set on rim as a garnish.",https://upload.wikimedia.org/wikipedia/commons/9/94/Sidecar-cocktail.jpg,https://commons.wikimedia.org/wiki/File:Sidecar-cocktail.jpg
Mint Julep,<strong>Combine the ingredients:</strong> Combine the mint and simple syrup in a cocktail shaker.  Then use a cocktail muddler to gently muddle the mint a bit so release the flavors. Then add the bourbon. <br /><br /><strong>Shake!:</strong>Add ice and shake vigorously until condensation forms on outside of shaker. <br /><br /><strong>Strain and serve:</strong> Add fresh crushed ice to glass and strain drink into glass and garnish with mint.,https://cdn-image.realsimple.com/sites/default/files/styles/video_image_1/public/mint-julep-recipe.jpg?itok=vymgwJF3,https://www.realsimple.com/food-recipes/browse-all-recipes/mint-julep-recipe
Daiquiri,"<strong>Prep the glass:</strong> Fill the glass with ice and set aside to chill. <br /><br /><strong>Combine the ingredients:</strong> Combine the rum, lime juice and simple syrup in a cocktail shaker. <br /><br /><strong>Shake!:</strong>Add ice and shake vigorously until condensation forms on outside of shaker. <br /><br /><strong>Strain and serve:</strong> Toss out the ice in the prepped glass and strain the drink into it and garnish with a lime wedge.",https://www.acouplecooks.com/wp-content/uploads/2019/05/Daiquiri-Cocktail-013.jpg,https://www.acouplecooks.com/daiquiri-recipe/
Dark 'N Stormy,<strong>Combine the ingredients:</strong> Fill the glass with ice to the top and add the rum. Top off with ginger beer and stir for 10 seconds. <br /><br /><strong>Garnish and serve:</strong> Garnish with a lime wedge.,https://static-koken.vtm.be/sites/koken.vtm.be/files/recipe/image/2017/03/dark-n-stormy.jpg,https://myprivacy.dpgmedia.be/?siteKey=jl4pnVITCz779tia&callbackUrl=https%3a%2f%2fkoken.vtm.be%2fprivacy-wall%2fcallback%3foriginalUrl%3d%25252frecept%25252fde-nieuwe-zomerhype-dark-n-stormy-een-heerlijke-cocktail-met-rum
Cuba Libre,"<strong>Combine the ingredients:</strong> Fill the glass with ice to the top and add the rum. Top off with coke and lime, then stir for 10 seconds. <br /><br /><strong>Garnish and serve:</strong> Garnish with a lime wedge.",https://images.ctfassets.net/3s5io6mnxfqz/5OMkZA0RMhGAhfiN7dZbiO/805b92f48fdc5bed67436567319e02ef/AdobeStock_321297294.jpeg?w=800&fm=jpg&fl=progressive,https://www.masterclass.com/articles/cuba-libre-cocktail-recipe
Caipirinha,"<strong>Combine the ingredients:</strong> Cut the lime in small pieces. Put the lime and brown sugar inside the glass and muddle until the mixture becomes syrup-like, then add the cachaça and stir. n<strong>Garnish and serve:</strong> Top with ice, stir, and garnish with lime wedges.","https://hips.hearstapps.com/hmg-prod.s3.amazonaws.com/images/sweet-and-refreshing-drink-caipirinha-cocktail-royalty-free-image-1581529965.jpg?crop=0.668xw:1.00xh;0.119xw,0&resize=640:*",https://www.delish.com/uk/cocktails-drinks/a30896417/caipirinha/
Tom Collins,"<strong>Combine the ingredients:</strong> Combine the gin, lemon juice, and simple syrup in a cocktail shaker. <br /><br /><strong>Shake!:</strong>Add ice and shake vigorously until condensation forms on outside of shaker. <br /><br /><strong>Strain and serve:</strong> Add fresh ice to glass and strain drink into glass and top with club soda. Garnish with lemon wedge.",https://www.martinmillersgin.com/wp-content/uploads/2016/10/Tom_Collins_2.jpg,https://www.martinmillersgin.com/cocktails/tom-collins/
Long Island Iced Tea,<strong>Combine the ingredients:</strong> Combine all ingredients (except the coke) in a cocktail shaker. <br /><br /><strong>Shake!:</strong>Add ice and shake vigorously until condensation forms on outside of shaker. <br /><br /><strong>Strain and serve:</strong> Add fresh ice to glass and strain drink into glass and top with coke. Stir and serve. Garnish with lemon wedge.,https://www.supergoldenbakes.com/wordpress/wp-content/uploads/2019/07/Long_island_iced_tea-1-4s.jpg,https://www.supergoldenbakes.com/long-island-iced-tea/
Gin Fizz,"<strong>Prep the glass:</strong> Fill the glass with ice and set aside to chill. <br /><br /><strong>Combine the ingredients:</strong> Combine the gin, lemon juice, simple syrup, and egg white in a cocktail shaker. <br /><br /><strong>Dry shake!:</strong> Seal the shaker and shake vigorously for 10 seconds without ice. <br /><br /><strong>Shake again!:</strong>Add ice and shake vigorously until condensation forms on outside of shaker. <br /><br /><strong>Strain and serve:</strong> Toss out the ice in the prepped glass and strain the drink into it and top with club soda. Garnish with a lemon slice.",https://www.acouplecooks.com/wp-content/uploads/2019/06/Gin-Fizz-112s.jpg,https://www.acouplecooks.com/gin-fizz-cocktail/
Bramble,"<strong>Combine the ingredients:</strong> Put the blackberries inside a cocktail shaker and muddle them until they become jam-like. Then add the gin, lemon juice, crème de mure, and simple syrup. <br /><br /><strong>Shake!:</strong>Add ice and shake vigorously until condensation forms on outside of shaker. <br /><br /><strong>Strain and serve:</strong> Add fresh ice to glass and strain drink into glass and garnish with blackberries.",https://www.bbcgoodfood.com/sites/default/files/styles/recipe/public/recipe/recipe-image/2018/08/bramble.jpg?itok=vmHp8xTV,https://www.bbcgoodfood.com/recipes/bramble
Mai Tai,"<strong>Combine the ingredients:</strong> Combine the dark rum, orange curaçao, lime juice, and orgeat syrup in a cocktail shaker. <br /><br /><strong>Shake!:</strong>Add ice and shake vigorously until condensation forms on outside of shaker. <br /><br /><strong>Strain and serve:</strong> Add fresh ice to glass and strain drink into glass and garnish with maraschino cherry and pineapple slice.",https://upload.wikimedia.org/wikipedia/commons/3/38/Mai_Tai_mit_LPS_17y.jpg,https://commons.wikimedia.org/wiki/File:Mai_Tai_mit_LPS_17y.jpg
Amaretto Sour,"<strong>Combine the ingredients:</strong> Combine the amaretto liqueur, lemon juice, and simple syrup in a cocktail shaker. <br /><br /><strong>Shake!:</strong>Add ice and shake vigorously until condensation forms on outside of shaker. <br /><br /><strong>Strain and serve:</strong> Add fresh ice to glass and strain drink into glass and garnish with an orange slice and maraschino cherry.",https://www.bakingbeauty.net/wp-content/uploads/2020/02/amaretto-sour-e1582423017995.jpg,https://www.bakingbeauty.net/amaretto-sour/
Whiskey Smash,"<strong>Combine the ingredients:</strong> Cut a 1/4 of a lemon into small pieces. Put the small lemon pieces and sugar inside the glass and muddle until the mixture becomes syrup-like, then add the whiskey and stir. n<strong>Garnish and serve:</strong> Top with ice, stir, and garnish with lemon wedges and mint.",https://static.vinepair.com/wp-content/uploads/2018/03/Whiskey-Smash-Recipe-card.jpg,https://vinepair.com/cocktail-recipe/whiskey-smash/
Tequila Sunrise,<strong>Combine the ingredients:</strong> Fill the cup to the top with ice. Pour tequila and orange juice directly in the glass. Then pour grenadine. <br /><br /><strong>Garnish and serve:</strong> Garnish with maraschino cheery and an orange slice.,https://recipetineats.com/wp-content/uploads/2019/09/Tequila-Sunrise.jpg,https://www.recipetineats.com/tequila-sunrise/
Grasshopper,"<strong>Prep the glass:</strong> Fill the glass with ice and set aside to chill. <strong>Combine the ingredients:</strong> Combine the crème de menthe, crème de cacao, and heavy cream in a cocktail shaker. <br /><br /><strong>Shake!:</strong>Add ice and shake vigorously until condensation forms on outside of shaker. <br /><br /><strong>Strain and serve:</strong> Toss out the ice in the prepped glass and strain the drink into it and garnish with chocolate syrup.",https://www.thedrinkblog.com/wp-content/uploads/2015/02/tdb-grasshopper-1500x1000-6-1.jpg,https://thedrinkblog.com/grasshopper/
Painkiller,"<strong>Combine the ingredients:</strong> Combine the dark rum, pineapple juice, orange juice, and cream of coconut in a cocktail shaker. <br /><br /><strong>Shake!:</strong>Add ice and shake vigorously until condensation forms on outside of shaker. <br /><br /><strong>Strain and serve:</strong> Add fresh ice to glass and strain drink into glass and garnish with pineapple slice and nutmeg.",https://www.thespruceeats.com/thmb/yj522IX54-YpEpxl2lIL8tHiSeM=/4232x3174/smart/filters:no_upscale()/painkiller-cocktail-recipe-760473-hero-01-3bbbf88a529442e8a6f1db406977a1c2.jpg,https://www.thespruceeats.com/painkiller-cocktail-recipe-760473
Sex on the Beach,"<strong>Combine the ingredients:</strong> Combine the vodka, crème de cassis, peach schnapps, orange juice, and cranberry juice in a cocktail shaker. <br /><br /><strong>Shake!:</strong>Add ice and shake vigorously until condensation forms on outside of shaker. <br /><br /><strong>Strain and serve:</strong> Add fresh ice to glass and strain drink into glass and garnish with orange slice and maraschino cherry.",https://www.bbcgoodfood.com/sites/default/files/styles/recipe/public/recipe/recipe-image/2019/10/sex_on_the_beach.jpg?itok=pa9ciYyf,https://www.bbcgoodfood.com/recipes/sex-beach-cocktail
Blue Hawaiian,"<strong>Combine the ingredients:</strong> Combine the light rum, blue curaçao, pinapple juice, and cream of coconut in a cocktail shaker. <br /><br /><strong>Shake!:</strong>Add ice and shake vigorously until condensation forms on outside of shaker. <br /><br /><strong>Strain and serve:</strong> Add fresh ice to glass and strain drink into glass and garnish with a pineapple slice and maraschino cherry.",https://www.thespruceeats.com/thmb/zk5zkifQkPcQEGE5_WT7iS4XZ9A=/960x0/filters:no_upscale():max_bytes(150000):strip_icc():format(webp)/blue-hawaiian-recipe-759284-10-5b3fab0a46e0fb0036527479.jpg,https://www.thespruceeats.com/blue-hawaiian-recipe-759284
Bee's Knees,"<strong>Prep the glass:</strong> Fill the glass with ice and set aside to chill. <br /><br /><strong>Combine the ingredients:</strong> Combine the gin, lemon juice, and honey syrup in a cocktail shaker. <br /><br /><strong>Shake!:</strong>Add ice and shake vigorously until condensation forms on outside of shaker. <br /><br /><strong>Strain and serve:</strong> Toss out the ice in the prepped glass and strain the drink into it. Twist the lemon peel over the drink to release the oils and flavors and set on rim as a garnish.",https://upload.wikimedia.org/wikipedia/commons/9/96/Bee%27s_Knees.jpg,https://en.wikipedia.org/wiki/Bee%27s_Knees_(cocktail)
Americano,"<strong>Combine the ingredients:</strong> Fill the glass with ice to the top and add the Campari and sweet vermouth. Top off with soda, then stir for 10 seconds. <br /><br /><strong>Garnish and serve:</strong> Twist the orange peel over the drink to release the oils and flavors and use as a garnish.",https://upload.wikimedia.org/wikipedia/commons/thumb/6/67/Martini_Americano.jpg/800px-Martini_Americano.jpg,https://commons.wikimedia.org/wiki/File:Martini_Americano.jpg
Corpse Reviver No. 2,"<strong>Prep the glass:</strong> Fill the glass with ice and set aside to chill. <br /><br /><strong>Rinse with Absinthe</strong> Toss out the ice in the prepped glass and pour the absinthe inside of it. Swirl it around and then discard the liquid. <br /><br /><strong>Combine the ingredients:</strong> Combine the gin, absinthe, Triple Sec/Cointreau (orange liqueur), Lillet blanc, and lemon juice in a cocktail shaker. <br /><br /><strong>Shake!:</strong>Add ice and shake vigorously until condensation forms on outside of shaker. <br /><br /><strong>Strain and serve:</strong> Strain the drink into the absinthe washed chilled glass.",https://static.fordsgin.com/s3fs-public/fords-gin/instagram/image/fords-gin-239700375422451228065525591851109321801728n.jpg,https://www.fordsgin.com/instagram/corpse-reviver-2
Espresso Martini,"<strong>Prep the glass:</strong> Fill the glass with ice and set aside to chill. <strong>Combine the ingredients:</strong> Combine the espresso, vodka, Kahula, and crème de cacao in a cocktail shaker. <br /><br /><strong>Shake!:</strong>Add ice and shake vigorously until condensation forms on outside of shaker. <br /><br /><strong>Strain and serve:</strong> Toss out the ice in the prepped glass and strain the drink into it and garnish with chocolate syrup.",https://images.unsplash.com/photo-1564087734-f791fbd53ec8?ixlib=rb-1.2.1&ixid=eyJhcHBfaWQiOjEyMDd9&auto=format&fit=crop&w=800&q=60,https://unsplash.com/photos/iAXrwurNea4
Zombie,<strong>Combine the ingredients:</strong> Combine all ingredients in a cocktail shaker. <br /><br /><strong>Shake!:</strong>Add ice and shake vigorously until condensation forms on outside of shaker. <br /><br /><strong>Strain and serve:</strong> Add fresh ice to glass and strain drink into glass and garnish with strawberry and mint.,https://www.thespruceeats.com/thmb/ZTxg01YEvmT2bwA7_nmN4cgSs2M=/3648x3648/smart/filters:no_upscale()/zombie-cocktail-recipe-761643-Hero-5b7424e2c9e77c0050ec7160.jpg,https://www.thespruceeats.com/zombie-cocktail-recipe-761643
Beachcomber,"<strong>Prep the glass:</strong> Fill the glass with ice and set aside to chill. <br /><br /><strong>Combine the ingredients:</strong> Combine the light rum, orange liqueur, lime juice, and Luxardo in a cocktail shaker. <br /><br /><strong>Shake!:</strong>Add ice and shake vigorously until condensation forms on outside of shaker. <br /><br /><strong>Strain and serve:</strong>  Toss out the ice in the prepped glass and strain the drink into it.",https://storage.googleapis.com/gen-atmedia/3/2014/07/5507a1efc4e572a2b2479c2278f922becdc26d5d.jpeg,https://www.thekitchn.com/the-9bottle-bar-recipe-the-beachcomber-cocktail-recipes-from-the-kitchn-206066
Rum Runner,<strong>Combine the ingredients:</strong> Combine all ingredients in a cocktail shaker. <br /><br /><strong>Shake!:</strong>Add ice and shake vigorously until condensation forms on outside of shaker. <br /><br /><strong>Strain and serve:</strong> Add fresh ice to glass and strain drink into glass and garnish with orange slice and maraschino cherry.,https://www.nospoonnecessary.com/wp-content/uploads/2015/07/Rum-Runner-11-620x930.jpg,https://www.nospoonnecessary.com/rum-runner/
Blue Hawaii,<strong>Combine the ingredients:</strong> Combine all ingredients in a cocktail shaker. <br /><br /><strong>Shake!:</strong>Add ice and shake vigorously until condensation forms on outside of shaker. <br /><br /><strong>Strain and serve:</strong> Add fresh ice to glass and strain drink into glass and garnish with a pineapple wedge.,https://diy.sndimg.com/content/dam/images/diy/fullset/2017/4/24/sam-henderson-original-blue-hawaiian1.jpg.rend.hgtvcom.616.462.suffix/1493044978534.jpeg,https://www.diynetwork.com/made-and-remade/make-it/blue-hawaiian-recipe
Piña Colada,"<strong>Combine the ingredients:</strong> Combine the light rum, cream of coconut, pineapple juice, and lime juice in a cocktail shaker. <br /><br /><strong>Shake!:</strong>Add ice and shake vigorously until condensation forms on outside of shaker. <br /><br /><strong>Strain and serve:</strong> Add fresh ice to glass and strain drink into glass and garnish with a pineapple wedge.",https://upload.wikimedia.org/wikipedia/commons/thumb/6/65/Pina_Colada_at_Bonaire.jpg/3096px-Pina_Colada_at_Bonaire.jpg,https://commons.wikimedia.org/wiki/File:Pina_Colada_at_Bonaire.jpg
Screwdriver,<strong>Combine the ingredients:</strong> Combine the vodka and orange juice in a cocktail shaker. <br /><br /><strong>Shake!:</strong>Add ice and shake vigorously until condensation forms on outside of shaker. <br /><br /><strong>Strain and serve:</strong> Add fresh ice to glass and strain drink into glass and garnish with an orange wedge.,https://images.unsplash.com/photo-1550234699-2ebb2d96dfa7?ixlib=rb-1.2.1&ixid=eyJhcHBfaWQiOjEyMDd9&auto=format&fit=crop&w=2134&q=80,https://unsplash.com/@shootdelicious
Irish Coffee,"<strong>Combine the ingredients:</strong> Combine the hot coffee, whiskey, sugar and in a coffee mug. <br /><br /><strong>Garnish and serve:</strong> Stir and garnish with whipped cream.",https://images.unsplash.com/photo-1515701238541-0cb8d3165120?ixlib=rb-1.2.1&ixid=eyJhcHBfaWQiOjEyMDd9&auto=format&fit=crop&w=800&q=60,https://unsplash.com/photos/BY5FxFkra6Y
Bellini,<strong>Combine the ingredients:</strong> Pour prosecco and peach puree directly in the glass. <br /><br /><strong>Garnish and serve:</strong> Garnish with peach slices.,https://live.staticflickr.com/3927/15447958406_3869c58fee_b.jpg,https://www.flickr.com/photos/vagueonthehow/15447958406
Fuzzy Navel,<strong>Combine the ingredients:</strong> Fill the glass with ice to the top and add the peach snapps and vodka. Stir for 10 seconds to blend the ingredients. <br /><br /><strong>Garnish and serve:</strong> Garnish with an orange slice.,https://www.thespruceeats.com/thmb/8_E0W5Fuo0tXGRpig1txJRaO53w=/2696x2696/smart/filters:no_upscale()/_fuzzy-navel-cocktail-759298-hero-5bc4e64c46e0fb0026baa588.jpg,https://www.thespruceeats.com/fuzzy-navel-cocktail-759298